Subject,ID,forehead,cheek,eye,nose,mouth,chin,Distance,RH,Airflow,env-temp,Sensation
S8,R811010,33.83899928263991,33.4347818559557,34.14892086330938,33.832609271523204,33.89004739336495,33.9060301953819,1.0,53.79444445,0.508,21.64011111,-1
S8,R811011,33.43402209226773,33.273631514156776,33.50050458715599,33.703373493975924,34.131144859813105,32.47206498951784,1.0,53.79444445,0.508,21.64011111,-1
S8,R811012,33.52204411764709,33.074358278402514,33.90279411764708,34.233518518518544,33.5821265822785,33.07198849630241,1.0,53.79444445,0.508,21.64011111,-1
S8,R811013,33.498422186322045,33.134110641567446,33.762077294686016,34.145048169556866,33.968831521739155,33.09493432574433,1.0,53.79444445,0.508,21.64011111,-1
S8,R811014,33.62589371980679,33.37130833333336,33.73121019108283,34.118862144420156,34.25992227979277,33.09014314928428,1.0,53.79444445,0.508,21.64011111,-1
S8,R811015,33.85553183076317,33.59891842008123,34.240782608695675,34.26549462365594,34.083400868306825,34.41851476014763,1.0,53.79444445,0.508,21.64011111,-1
S8,R811016,33.69464520848576,33.40194187160654,33.763664772727296,31.679931972789134,33.59030812324932,33.10377171215883,1.0,53.98888889,0.508,21.60044444,-1
S8,R811017,33.67935622317599,33.086609728926874,34.002810304449675,32.82118829981721,33.81170773152083,34.05981797497158,1.0,53.98888889,0.508,21.60044444,-1
S8,R811018,33.769584647739244,32.34949210414001,32.89956896551726,33.57546357615896,33.51812672176311,32.001003058104004,1.0,53.98888889,0.508,21.60044444,-1
S8,R811019,33.61495190105362,32.132834264432056,32.8794491525424,32.67101364522419,33.07637681159422,33.05503875968994,1.0,53.98888889,0.508,21.60044444,-1
S8,R81102,33.72744396382228,33.545599001663916,34.23614583333336,33.565184729064065,33.75344216417913,34.48749518304433,1.0,53.93888889,0.508,21.74383333,-1
S8,R811020,33.73215740231153,32.48835992578852,33.15039130434785,32.945934718100915,33.14103825136614,31.279923371647534,1.0,53.98888889,0.508,21.60044444,-1
S8,R811021,33.65313004194904,33.17275255754478,34.19374701670647,33.45048780487807,33.71712756467442,33.140175267770225,1.0,54.25555555,0.508,21.57533333,-1
S8,R811022,33.40418660287083,33.213297370195576,34.090792079207944,33.06186700767266,33.439156159068894,33.03895813047714,1.0,54.25555555,0.508,21.57533333,-1
S8,R811023,33.568417235494906,32.39087605974972,33.21037558685448,34.51492281303604,33.765261121856895,32.45485260770977,1.0,54.25555555,0.508,21.57533333,-1
S8,R811024,33.605650818394416,32.74909886902592,33.622364341085294,34.311081081081106,33.96727586206899,32.827812653261425,1.0,54.25555555,0.508,21.57533333,-1
S8,R811025,33.73665018133863,32.50773207547172,33.5978106508876,33.718672839506205,33.91668269230772,32.83327876106197,1.0,54.25555555,0.508,21.57533333,-1
S8,R811026,33.502137776113834,32.27550873196661,33.51688118811884,34.04726148409897,33.8021518987342,33.02902009020092,1.0,54.25555555,0.508,21.57533333,-1
S8,R811027,33.77139142181698,32.74977972027975,34.081198501872684,34.03512908777971,34.06644110275692,32.99563776668182,1.0,54.21666666,0.508,21.55016667,-1
S8,R81103,34.096373056994835,33.39921124828535,34.23180530973454,34.36638321995468,33.88922656250002,34.31231233822263,1.0,53.93888889,0.508,21.74383333,-1
S8,R81104,34.1664323529412,33.32029130087791,34.32956026058634,34.49979635584139,34.02439869989168,34.08681988742967,1.0,53.93888889,0.508,21.74383333,-1
S8,R81105,33.76042133876999,32.88143639921724,33.87558935361219,34.42747422680415,34.01988962472409,32.83347405900308,1.0,53.82777778,0.508,21.692,-1
S8,R81106,33.74775606469006,32.92296825396828,33.94651877133108,34.55536796536799,33.93381165919285,32.78244626407371,1.0,53.82777778,0.508,21.692,-1
S8,R81107,33.78400489396414,33.183653001464144,33.76140000000003,33.41060869565219,33.63064245810058,32.6280152671756,1.0,53.82777778,0.508,21.692,-1
S8,R81108,33.86891229005601,33.38775979281323,34.24533816425124,33.84187651331721,33.73310991957106,34.00974336283188,1.0,53.82777778,0.508,21.692,-1
S8,R81109,33.76351753453775,33.57027849028951,34.09379581151835,33.848727272727295,34.073663716814174,34.386700450450476,1.0,53.82777778,0.508,21.692,-1
S8,R811410,34.02254473161036,33.32452841973769,33.766400000000026,33.76396674584325,34.46416430594903,34.28932291666669,1.4,54.36666667,0.508,21.477,-1
S8,R811411,33.38958843159068,32.94848214285717,33.20369369369373,33.370144230769256,34.744927536231906,33.475963983050875,1.4,54.36666667,0.508,21.477,-1
S8,R811412,33.4909605488851,32.919597364568105,33.51978723404258,33.62270386266097,34.95177304964541,33.16178938356166,1.4,54.36666667,0.508,21.477,-1
S8,R811413,33.70045574057847,32.98982621288923,33.36269565217394,33.63189655172416,35.28517948717951,33.67617739403456,1.4,54.36666667,0.508,21.477,-1
S8,R811414,34.05308027380214,33.422627245509,34.22107913669067,33.97312368972749,34.372520775623286,34.8013798701299,1.4,54.36666667,0.508,21.477,-1
S8,R811415,33.87920694864051,33.45595284872301,33.93854251012148,33.773459595959615,34.416579476861195,34.77415630550624,1.4,54.26666667,0.508,21.46233333,-1
S8,R811416,34.03021871202918,33.55835579514827,33.79509900990101,33.8874528301887,33.828891050583685,34.4932475247525,1.4,54.26666667,0.508,21.46233333,-1
S8,R811417,34.041417218543074,33.11638364779877,34.03703517587942,33.7208384458078,34.00934628975268,34.30251572327046,1.4,54.26666667,0.508,21.46233333,-1
S8,R811418,34.05792797494783,32.84536321483774,32.74060606060609,33.77753205128207,35.04865248226952,33.79694382022474,1.4,54.26666667,0.508,21.46233333,-1
S8,R811419,33.993121254034136,32.55604271356786,32.250642201834886,33.67596428571431,35.00395348837212,33.60520224719103,1.4,54.26666667,0.508,21.46233333,-1
S8,R81142,34.004298745724086,33.4656240601504,34.15956521739133,33.8478619153675,34.13621311475411,34.751522491349505,1.4,54.44444444,0.508,21.52766667,-1
S8,R811420,33.82229667812144,32.69686354378821,32.38884210526318,33.381750000000025,34.67617647058826,33.52619680851066,1.4,54.26666667,0.508,21.46233333,-1
S8,R811421,33.772843249427936,32.738510911424925,33.29682819383262,33.14293706293709,33.710541176470606,33.986140350877214,1.4,54.20555555,0.508,21.44633333,-1
S8,R811422,33.99580799045918,33.330120865139975,33.55168831168834,33.48122282608698,33.933192567567595,34.2579501915709,1.4,54.20555555,0.508,21.44633333,-1
S8,R811423,34.01771929824564,33.509122112211244,33.60273469387757,33.59975274725277,34.499518072289185,34.507093373494,1.4,54.20555555,0.508,21.44633333,-1
S8,R811424,33.482215709261446,33.286986607142886,33.21252100840339,33.884130434782634,35.235327102803765,33.998016467065895,1.4,54.20555555,0.508,21.44633333,-1
S8,R811425,33.66504964539009,32.96985906470214,33.05086021505379,34.07681034482761,35.15007326007328,33.52104166666669,1.4,54.20555555,0.508,21.44633333,-1
S8,R811426,33.736020114942555,32.97697643097646,33.389339622641536,33.935528169014106,35.20286931818184,33.66414893617023,1.4,54.29444445,0.508,21.44372222,-1
S8,R811427,33.47309337134713,32.77609739369001,33.311136363636386,33.99598039215689,35.000593220339,33.479134615384645,1.4,54.29444445,0.508,21.44372222,-1
S8,R81143,34.180911786508545,33.45910840282235,33.87945525291831,33.82154598825834,34.16899848254934,34.76634840871024,1.4,54.44444444,0.508,21.52766667,-1
S8,R81144,34.19523197316939,33.27585765124557,34.07105454545457,33.88548837209304,34.53485380116961,34.6912079207921,1.4,54.35555555,0.508,21.49833333,-1
S8,R81145,33.8787552114354,32.71919207317075,33.43394160583945,33.946214511041035,35.244552529182904,33.687280296022216,1.4,54.35555555,0.508,21.49833333,-1
S8,R81146,33.779802052785946,33.011361185983844,33.50976923076926,33.815000000000026,35.19674641148328,33.75741935483873,1.4,54.35555555,0.508,21.49833333,-1
S8,R81147,33.95096378504675,33.17965635738834,33.78661417322837,33.58063157894739,34.01659602649009,34.51303776683089,1.4,54.35555555,0.508,21.49833333,-1
S8,R81148,33.6835005767013,33.119393939393966,33.60750000000002,33.42626696832582,33.84405956112855,34.34927536231886,1.4,54.35555555,0.508,21.49833333,-1
S8,R81149,33.75306866952793,33.43429371499691,33.65353211009177,33.658511235955075,34.156972972972994,34.43960954446857,1.4,54.36666667,0.508,21.477,-1
S8,R811810,33.30340229885059,33.00278494623659,33.40166666666669,32.73619469026551,33.69305785123969,33.13893864013269,1.8,55.5,0.508,21.4585,-1
S8,R811811,33.322390438247034,32.777091136079925,33.17912280701756,33.202554744525564,33.64035502958582,33.05155322862131,1.8,55.5,0.508,21.4585,-1
S8,R811812,33.818703427719846,33.23891956782715,33.473333333333365,33.747461538461565,34.16431654676262,33.151104815864045,1.8,55.5,0.508,21.4585,-1
S8,R811813,33.71113207547172,32.91057901085648,33.49353846153849,33.44687500000002,34.328783783783805,33.117146974063424,1.8,55.5,0.508,21.4585,-1
S8,R811814,33.99721311475412,33.163697478991615,33.33031250000002,33.638740740740765,34.504336283185864,33.44804311774463,1.8,55.5,0.508,21.4585,-1
S8,R811815,34.121596292481996,33.50509457755362,34.08647058823532,33.93706611570249,34.41271889400924,34.429078498293535,1.8,55.27777778,0.508,21.45194444,-1
S8,R811816,34.03279461279463,33.520213004484326,33.97926605504589,33.580251046025126,34.181705607476665,34.43315972222225,1.8,55.27777778,0.508,21.45194444,-1
S8,R811817,34.04076832151303,33.10066666666669,33.7656153846154,33.481838235294134,33.97688946015427,34.162180451127846,1.8,55.27777778,0.508,21.45194444,-1
S8,R811818,34.056112730806625,32.62206349206352,32.884069767441886,33.39347305389223,34.356266666666684,33.43913716814161,1.8,55.27777778,0.508,21.45194444,-1
S8,R811819,33.92729552889861,32.52419565217394,32.94963855421689,33.19943750000002,34.2976258992806,33.14045558086563,1.8,55.27777778,0.508,21.45194444,-1
S8,R81182,33.64495192307695,33.16190303030306,33.80969230769233,33.09876190476193,33.51564356435646,34.257279693486616,1.8,55.42222222,0.508,21.44511111,-1
S8,R811820,34.08056179775283,32.81950248756221,32.56704918032789,33.463815028901756,34.34916666666669,33.542500000000025,1.8,55.27777778,0.508,21.45194444,-1
S8,R811821,33.99879291251386,33.02703284258213,33.6059523809524,33.48680161943322,33.8475378787879,34.16503424657536,1.8,55.35,0.508,21.44133333,-1
S8,R811822,34.06948138297874,33.24099118942733,33.68716417910449,33.677038626609466,33.86225063938622,34.16562913907287,1.8,55.35,0.508,21.44133333,-1
S8,R811823,33.94782258064518,32.98123778501631,33.278235294117664,33.85411764705885,34.66250000000002,33.616649484536104,1.8,55.35,0.508,21.44133333,-1
S8,R811824,33.98015204678365,32.91757821552726,33.14347222222224,34.011985294117665,34.85096153846156,33.10350083752096,1.8,55.35,0.508,21.44133333,-1
S8,R811825,34.08111111111113,32.71185520361993,33.10759493670888,33.57482758620692,34.6640828402367,33.27758735440934,1.8,55.35,0.508,21.44133333,-1
S8,R811826,34.161225204200726,32.94523216308043,32.84383561643838,34.09030303030306,34.7827167630058,33.37211703958694,1.8,55.55555555,0.508,21.44266667,-1
S8,R811827,33.863136412459745,32.57831381733023,33.111494252873584,33.56540145985404,34.608097826086976,33.041870748299345,1.8,55.55555555,0.508,21.44266667,-1
S8,R81183,34.00178229665074,33.25455867082037,33.907222222222245,33.407545787545814,33.922736077481865,34.306539923954396,1.8,55.11666667,0.508,21.44905556,-1
S8,R81184,34.012535545023724,32.57498064516131,33.159436619718335,33.13149659863948,33.8669491525424,33.51576859504135,1.8,55.11666667,0.508,21.44905556,-1
S8,R81185,34.07733909702212,32.614701149425315,33.60300000000002,33.45891891891895,33.98758389261747,33.26259075907593,1.8,55.11666667,0.508,21.44905556,-1
S8,R81186,34.0331513409962,32.80013201320134,33.095194805194836,33.39250000000002,33.8427777777778,33.24996323529414,1.8,55.11666667,0.508,21.44905556,-1
S8,R81187,33.65417293233085,32.53380552220891,32.86484375000002,33.09342465753427,33.53153846153849,33.05252100840339,1.8,55.11666667,0.508,21.44905556,-1
S8,R81188,33.534205267938255,32.98897550111361,33.42174825174827,33.321666666666694,33.45569620253167,33.92486842105266,1.8,55.11666667,0.508,21.44905556,-1
S8,R81189,33.717694174757305,33.239658590308395,33.659191176470614,33.576948356807534,33.74112094395282,34.01165644171782,1.8,55.5,0.508,21.4585,-1
S8,R812210,33.44898437500002,32.95468454258678,32.986380952380976,32.83088607594939,33.53163157894739,33.47178217821784,2.2,56.62222222,0.508,21.65866667,-1
S8,R812211,33.013831168831196,32.568073394495435,32.72408163265308,32.082098765432114,33.97787234042555,32.97717261904764,2.2,56.62222222,0.508,21.65866667,-1
S8,R812212,33.397565217391325,32.76797805642636,33.041228070175464,32.971168831168846,33.974615384615404,32.85752873563221,2.2,56.62222222,0.508,21.65866667,-1
S8,R812213,33.599168704156504,33.07566412213743,33.067678571428594,33.06000000000003,34.38023622047246,32.953860103626965,2.2,56.25555555,0.508,21.65066667,-1
S8,R812214,33.477943925233674,32.812263814616784,33.00060000000002,32.930533333333365,34.099222222222245,33.01394594594597,2.2,56.25555555,0.508,21.65066667,-1
S8,R812215,33.27091503267977,32.64969879518075,32.91543478260873,32.59986486486489,33.921578947368445,32.77833333333336,2.2,56.25555555,0.508,21.65066667,-1
S8,R812216,33.59569230769233,33.09750593824231,33.25546296296299,32.863294797687885,34.0215483870968,34.20039024390246,2.2,56.25555555,0.508,21.65066667,-1
S8,R812217,33.59834519572956,33.043402061855694,33.48207920792081,32.475266272189366,33.79759803921571,34.03858695652177,2.2,56.25555555,0.508,21.65066667,-1
S8,R812218,33.866159509202475,32.82250936329591,33.48818181818184,32.90469298245616,34.0745685279188,34.10382653061227,2.2,56.25555555,0.508,21.65066667,-1
S8,R812219,34.14186728395064,32.460215264187894,32.26542372881358,32.643076923076954,34.57325000000002,33.355429447852785,2.2,56.06111111,0.508,21.648,-1
S8,R81222,33.30686915887853,32.727719626168245,33.339008264462834,32.828983050847484,33.8114210526316,33.953919597989966,2.2,57.53333333,0.508,21.63766667,-1
S8,R812220,34.03500751879701,32.52245129870133,32.88574074074076,32.826741573033736,34.622359550561825,33.18566037735852,2.2,56.06111111,0.508,21.648,-1
S8,R812221,33.934530477759495,32.6146395563771,32.59090909090912,32.67677966101698,34.39798165137617,33.44144578313255,2.2,56.06111111,0.508,21.648,-1
S8,R812222,33.860579964850636,32.60817531305906,32.557608695652206,32.82269565217394,34.549183673469415,33.41832684824905,2.2,56.06111111,0.508,21.648,-1
S8,R812223,33.74597907324367,32.865846645367434,33.025252525252554,32.863368421052655,33.920218579235,33.94598039215689,2.2,56.06111111,0.508,21.648,-1
S8,R812224,33.674870775347934,32.84080341880344,33.100697674418626,33.569069767441874,34.50289473684213,32.896318681318704,2.2,55.71666667,0.508,21.63866667,-1
S8,R812224,33.674870775347934,32.84080341880344,33.100697674418626,33.569069767441874,34.50289473684213,32.896318681318704,2.2,55.71666667,0.508,21.63866667,-1
S8,R812225,33.6750760456274,32.69307317073173,33.28322033898308,33.33924242424244,34.579440000000034,33.00976539589445,2.2,55.71666667,0.508,21.63866667,-1
S8,R812226,33.69713810316142,32.28273031825798,33.10735849056606,33.2020535714286,34.56070175438599,33.237473118279595,2.2,55.71666667,0.508,21.63866667,-1
S8,R812227,33.81016722408029,32.581957585644396,33.127758620689676,33.167500000000025,34.738256880733964,33.09162790697677,2.2,55.71666667,0.508,21.63866667,-1
S8,R81223,33.860688336520106,32.88151919866447,33.245042735042766,32.92855614973264,34.01086956521741,34.142370689655195,2.2,57.07222222,0.508,21.65866667,-1
S8,R81224,33.80858959537575,32.75880073800741,33.30431034482761,33.262634408602175,34.021957671957686,34.25574660633487,2.2,57.07222222,0.508,21.65866667,-1
S8,R81225,33.82995348837211,32.21907200000002,33.105797101449305,33.25220000000002,34.470350877193006,33.119379844961266,2.2,57.07222222,0.508,21.65866667,-1
S8,R81226,33.71335008375212,32.46842454394695,32.86290909090911,33.2307070707071,34.32366666666669,33.21317585301839,2.2,57.07222222,0.508,21.65866667,-1
S8,R81227,33.40344554455448,32.371231060606085,32.325106382978746,32.87108333333335,34.32990099009903,33.03260989010992,2.2,57.07222222,0.508,21.65866667,-1
S8,R81228,33.68926350245501,32.794826388888914,33.227203389830535,33.03408284023671,33.82203208556151,34.0125581395349,2.2,57.07222222,0.508,21.65866667,-1
S8,R81229,33.294000000000025,32.93423469387758,33.15450450450452,32.87888111888115,33.55882352941179,33.95796296296299,2.2,56.62222222,0.508,21.65866667,-1
S8,R812810,33.83759375000002,33.23135802469138,33.63756097560978,34.069104477611965,34.3647142857143,33.55831168831171,2.8,53.37222222,0.508,21.736,-1
S8,R812811,33.96493403693933,32.80860589812335,33.513695652173936,34.16486842105266,34.436354166666696,33.350352941176496,2.8,53.37222222,0.508,21.736,-1
S8,R812812,33.69845272206306,32.595974025974044,33.311750000000025,33.99867647058826,34.35811594202901,33.23462151394424,2.8,53.45,0.508,21.74266667,-1
S8,R812813,33.490751879699275,32.45622807017546,32.78580645161293,33.73318181818184,34.10945945945948,33.08170833333336,2.8,53.45,0.508,21.74266667,-1
S8,R812814,33.85454545454547,33.170794520547965,33.65078431372551,33.54380165289258,33.95925619834713,34.243884892086356,2.8,53.45,0.508,21.74266667,-1
S8,R812815,33.57333333333336,33.25818770226539,33.77046875000002,33.55384615384618,33.769290780141866,34.32055045871562,2.8,53.45,0.508,21.74266667,-1
S8,R812816,33.70368674698798,33.38689969604866,33.67384615384618,33.56711864406782,33.649857142857165,34.122672413793126,2.8,53.45,0.508,21.74266667,-1
S8,R812817,33.943354838709695,33.23261333333336,33.99764705882355,33.70637931034485,34.13748344370863,34.25495145631071,2.8,53.45,0.508,21.74394444,-1
S8,R812818,34.04903394255877,32.70329032258067,32.240263157894766,33.80620689655174,34.54928571428574,33.639137931034504,2.8,53.45,0.508,21.74394444,-1
S8,R812819,33.97500000000002,32.51084745762714,33.200250000000025,33.70237500000002,34.628181818181844,33.45219298245617,2.8,53.45,0.508,21.74394444,-1
S8,R81282,33.64976878612719,33.36848184818484,34.14487179487182,33.67517647058827,33.79208955223883,34.31110236220476,2.8,53.46111111,0.508,21.71066667,-1
S8,R812820,33.915204545454564,32.70855106888364,32.999743589743616,33.96716417910451,34.68116666666669,33.20278350515466,2.8,53.45,0.508,21.74394444,-1
S8,R812821,33.666897590361465,32.63409090909093,32.80880952380954,33.612419354838735,34.433623188405825,33.16958115183249,2.8,53.45,0.508,21.74394444,-1
S8,R812822,33.92685220729369,33.06074270557032,33.592950819672154,33.88382608695654,34.05796747967482,34.1728971962617,2.8,53.4,0.508,21.73727778,-1
S8,R812823,33.80569230769233,32.7610024449878,33.20400000000003,34.13945454545457,34.67390804597703,33.35894941634243,2.8,53.4,0.508,21.73727778,-1
S8,R812824,33.911760391198065,32.906819407008115,32.950270270270295,34.14270270270273,34.673647058823555,33.25740384615387,2.8,53.4,0.508,21.73727778,-1
S8,R812825,33.72579250720463,32.78380462724938,33.254594594594636,33.98940476190478,34.742105263157924,33.41518072289159,2.8,53.4,0.508,21.73727778,-1
S8,R812826,33.799020771513376,32.71602240896361,32.96026315789476,33.96639344262299,34.77028169014087,33.36349090909094,2.8,53.4,0.508,21.73727778,-1
S8,R812827,33.690471204188505,32.53352657004834,33.07829268292684,33.75458333333336,34.66057971014495,33.07114893617023,2.8,53.42777778,0.508,21.7385,-1
S8,R81283,33.78462222222225,33.29788659793817,33.73983870967745,33.6889523809524,33.66489247311831,34.26058064516131,2.8,53.46111111,0.508,21.71066667,-1
S8,R81284,33.99232613908875,33.2120810810811,33.855396825396845,33.93826530612247,34.07376000000002,34.22705479452057,2.8,53.46111111,0.508,21.71066667,-1
S8,R81285,33.92163265306125,32.61167647058826,33.6111904761905,34.302051282051316,34.18391891891894,33.210204918032815,2.8,53.46111111,0.508,21.71066667,-1
S8,R81286,33.81478260869567,32.727241379310364,33.51947368421056,33.97792682926832,34.05329268292685,33.37235602094243,2.8,53.46111111,0.508,21.71066667,-1
S8,R81287,33.85048158640229,32.99759894459106,33.58315789473687,34.0808823529412,34.17531250000002,33.52222748815168,2.8,53.37222222,0.508,21.736,-1
S8,R81288,33.67937500000002,33.0588346883469,33.77416666666667,33.78812500000002,34.02571428571431,33.44449197860965,2.8,53.37222222,0.508,21.736,-1
S8,R81289,33.52582524271847,33.21633333333336,33.54930232558142,33.96048387096776,34.161250000000024,33.405779816513785,2.8,53.37222222,0.508,21.736,-1
S8,R821010,34.36891646778045,33.89581029551957,33.900764119601355,33.97200000000002,34.67752417794973,34.62823529411767,1.0,54.29444445,0.0,22.46366667,-1
S8,R821011,33.64621807465621,33.611118906942416,33.88132596685085,33.73079646017701,34.862072368421074,33.514761416110844,1.0,54.29444445,0.0,22.46366667,-1
S8,R821012,34.03480379746838,33.89851148060176,33.638680555555574,33.387963525835886,35.18000000000002,33.57892857142859,1.0,54.29444445,0.0,22.46366667,-1
S8,R821013,33.921024759284755,33.42913290113455,33.584679487179514,33.0561086956522,35.0054154727794,33.71395250659633,1.0,54.29444445,0.0,22.46366667,-1
S8,R821014,34.106889367816116,33.59883542256371,33.78368421052634,33.785701943844515,35.140490196078446,34.17843020367613,1.0,54.29444445,0.0,22.46366667,-1
S8,R821015,34.405647810219,33.92900296987699,33.594791086350995,33.29786931818184,34.775051020408185,34.98747868453108,1.0,54.18888889,0.0,22.49566667,-1
S8,R821016,34.54312728294467,33.81411702502646,34.14266666666669,33.66724137931037,34.39296811120199,34.48287912087915,1.0,54.18888889,0.0,22.49566667,-1
S8,R821017,34.71531501166712,33.56756912442398,34.45329787234045,33.81021636876766,34.379772209567214,34.573235724743796,1.0,54.18888889,0.0,22.49566667,-1
S8,R821018,34.97569162121965,33.63236472945894,32.84647058823531,33.67110169491527,35.327366548042725,34.15964638157897,1.0,54.18888889,0.0,22.49566667,-1
S8,R821019,34.80036829699472,33.26344753086422,32.650150000000025,33.56933092224234,35.2540338983051,34.34832835820898,1.0,54.18888889,0.0,22.49566667,-1
S8,R82102,34.27796995708157,33.79129460895978,34.316286307053964,33.92125211505925,34.45319148936173,34.906934782608715,1.0,54.38333333,0.0,22.396,-1
S8,R821020,34.73038657913934,33.72486735870822,34.236610526315815,33.99938631790747,34.63264248704665,34.90135000000002,1.0,54.17777778,0.0,22.529,-1
S8,R821021,34.89834862385324,33.84834080717491,34.14633109619689,33.73825677267376,34.609165247018765,34.562869287991525,1.0,54.17777778,0.0,22.529,-1
S8,R821022,34.31084972170689,33.73745949449127,33.82984520123841,33.60927246790301,34.311435793731064,34.29762407602959,1.0,54.17777778,0.0,22.529,-1
S8,R821023,34.47967130703792,33.714487325009486,34.012966507177055,34.05593684210528,35.39887850467292,33.97014285714288,1.0,54.17777778,0.0,22.529,-1
S8,R821024,34.487385057471286,33.48648698884761,33.49830845771147,33.880000000000024,35.246098081023476,33.88536699392242,1.0,54.17777778,0.0,22.529,-1
S8,R821025,34.72379991593108,33.418856355494334,33.68075144508673,33.91853612167303,35.55187192118229,34.122099773242645,1.0,54.17777778,0.0,22.529,-1
S8,R821026,34.62160653247249,33.338101167315195,33.55019900497515,34.00756592292091,35.484535104364355,33.88128657921294,1.0,54.31111111,0.0,22.55566667,-1
S8,R821027,34.50352250489239,33.31609872029252,33.361489361702155,33.768401826484045,35.59566326530615,33.90077741786212,1.0,54.31111111,0.0,22.55566667,-1
S8,R82103,34.54349004244207,33.804531250000025,34.5129186602871,34.09722033898308,34.58110280373835,34.94367609254502,1.0,54.40555556,0.0,22.43305556,-1
S8,R82104,34.52404264577896,33.33486228424535,33.508364779874235,33.871785714285735,35.34996376811597,34.14852170352173,1.0,54.40555556,0.0,22.43305556,-1
S8,R82105,34.485576097722046,33.145191521011554,33.86600840336136,34.08244939271257,35.33890625000003,33.66467321657414,1.0,54.40555556,0.0,22.43305556,-1
S8,R82106,34.450709190096546,33.59519511367495,33.82973544973548,34.23703358208957,35.35672897196264,33.932214901165764,1.0,54.40555556,0.0,22.43305556,-1
S8,R82107,34.681556906450545,33.77251548520305,34.212456692913406,34.01505238649595,34.58359974424555,34.720237154150226,1.0,54.40555556,0.0,22.43305556,-1
S8,R82108,34.3258142758143,33.842770805812435,34.01712296983761,33.58169776119405,34.46150887573967,34.76532682926831,1.0,54.40555556,0.0,22.43305556,-1
S8,R82109,34.32359191919194,33.961449595290674,34.19325062034742,33.825494505494525,34.33367469879521,34.85307535641551,1.0,54.29444445,0.0,22.46366667,-1
S8,R821410,34.456316526610664,33.94907581227439,34.38319148936173,34.26545741324924,34.82066455696205,34.798426763110335,1.4,54.33333333,0.0,22.2965,-1
S8,R821411,34.014558823529434,33.7223024523161,33.98333333333336,33.91705394190874,34.96071794871797,33.96445333333335,1.4,54.33333333,0.0,22.2965,-1
S8,R821412,34.02877434135168,33.53032161555724,33.863023255813964,34.35594736842108,35.073804878048804,33.82927188940094,1.4,54.33333333,0.0,22.2965,-1
S8,R821413,33.93219081272087,33.647095490716204,33.65806451612906,34.561693121693146,35.19248756218908,33.77806104129266,1.4,54.58888889,0.0,22.32433333,-1
S8,R821414,33.856265060240986,33.36081509433964,34.070515463917545,34.27357429718878,34.922304526748995,33.62636929460583,1.4,54.58888889,0.0,22.32433333,-1
S8,R821415,34.40005309734516,33.978524229074914,34.18377450980394,33.83432664756449,34.80117241379313,34.7853172866521,1.4,54.58888889,0.0,22.32433333,-1
S8,R821416,34.47192921582237,33.80600572655693,34.29594936708864,34.27008421052634,34.449409158050244,34.766884920634936,1.4,54.58888889,0.0,22.32433333,-1
S8,R821417,34.74818014705885,33.67512700534762,34.55618644067798,34.47868421052634,34.532656934306594,34.930556521739156,1.4,54.58888889,0.0,22.32433333,-1
S8,R821418,34.72345327336333,33.338944146901326,33.437909090909116,34.341934306569364,35.310107526881744,34.12016393442625,1.4,54.42222222,0.0,22.36283333,-1
S8,R821419,34.550178389398596,32.929340028694426,33.179607843137276,34.475198237885486,35.08482558139537,33.77296296296298,1.4,54.42222222,0.0,22.36283333,-1
S8,R82142,34.37209039548025,33.69763455149504,34.25110655737707,33.69301047120421,34.32061224489798,34.93257692307695,1.4,54.43333333,0.0,22.25138889,-1
S8,R821420,34.62492019430953,33.36706582077718,33.315940594059434,34.55692810457518,35.16846153846156,34.23373781148431,1.4,54.42222222,0.0,22.36283333,-1
S8,R821421,34.49841492971404,33.476418826739454,34.20416666666669,34.46104529616727,34.459116883116906,34.685253906250026,1.4,54.42222222,0.0,22.36283333,-1
S8,R821422,34.705953155497745,33.724641833810914,34.31830917874399,34.54722891566267,34.66930481283424,34.82746606334844,1.4,54.42222222,0.0,22.36283333,-1
S8,R821423,34.448244592346114,33.635773984696904,33.75834862385324,34.913140096618385,35.63731092436977,33.81854932301743,1.4,54.42222222,0.0,22.36283333,-1
S8,R821424,34.36121087314664,33.40945312500003,33.795869565217416,34.71625514403295,35.5777859778598,33.95134812286692,1.4,54.34444444,0.0,22.376,-1
S8,R821425,34.55311172035643,33.35094376212025,33.759640287769805,34.828811881188145,35.57709459459463,34.01898002103052,1.4,54.34444444,0.0,22.376,-1
S8,R821426,34.38123816460308,33.33947476125514,33.598926174496675,34.79345098039218,35.520772532188865,33.97208984375002,1.4,54.34444444,0.0,22.376,-1
S8,R821427,34.48336653386456,33.16377211606513,33.663064516129054,34.93807017543862,35.44914529914532,33.802121212121236,1.4,54.34444444,0.0,22.376,-1
S8,R82143,34.474139316811815,33.629811074918585,34.56631147540986,33.960563063063084,34.771842696629236,34.92966972477067,1.4,54.43333333,0.0,22.25138889,-1
S8,R82144,34.43624798711758,33.18026973684213,33.85420454545457,33.96863636363639,35.18861386138616,33.95659870250234,1.4,54.43333333,0.0,22.25138889,-1
S8,R82145,34.46025052192069,33.0250360750361,34.03917808219181,34.058248175182506,35.220840707964626,33.64988298829885,1.4,54.43333333,0.0,22.25138889,-1
S8,R82146,34.30024786324788,33.23344298245616,33.83945736434111,33.99351020408166,35.11005208333336,33.83441774491684,1.4,54.43333333,0.0,22.25138889,-1
S8,R82147,34.31285568065508,33.51764157706096,33.94389473684213,34.256594827586234,35.024127906976766,34.09864097363086,1.4,54.33333333,0.0,22.2965,-1
S8,R82148,34.591402789171475,33.76029734970914,34.39606796116507,34.31492900608521,34.78467441860467,34.92323863636365,1.4,54.33333333,0.0,22.2965,-1
S8,R82149,34.38185296324083,33.95368228404102,34.3401092896175,33.99573770491806,34.64880658436217,34.89201357466065,1.4,54.33333333,0.0,22.2965,-1
S8,R821810,34.26092796092799,33.96914942528738,33.51007633587789,32.87602803738321,34.65332031250002,34.69640540540543,1.8,54.71666667,0.0,22.641,-1
S8,R821811,33.69956386292837,33.51861294583886,33.44936170212768,32.39421052631582,34.716101694915274,33.78483985765128,1.8,54.71666667,0.0,22.641,-1
S8,R821812,33.72400943396229,33.53470264317183,33.79469879518074,32.95806122448982,34.404110429447876,33.37176895306862,1.8,54.71666667,0.0,22.641,-1
S8,R821813,33.87506203473948,33.446400000000025,33.85100000000002,32.08195312500003,34.782054794520576,33.60070476190479,1.8,54.71666667,0.0,22.641,-1
S8,R821814,34.03261857707512,33.95786961583239,33.73126984126986,32.96239837398376,34.51879032258067,34.41372434017598,1.8,54.82222222,0.0,22.66233333,-1
S8,R821815,33.931737451737476,33.911618075801776,33.350526315789494,32.848128654970786,34.26383928571431,34.62852017937222,1.8,54.82222222,0.0,22.66233333,-1
S8,R821816,34.341755725190865,34.06335483870971,33.78044776119405,32.91166666666669,34.02408071748881,34.66713207547172,1.8,54.82222222,0.0,22.66233333,-1
S8,R821817,34.3431590656285,33.86430976430979,33.76500000000003,32.779375000000016,34.3687990762125,34.55059523809526,1.8,54.82222222,0.0,22.66233333,-1
S8,R821818,34.76402399127593,33.52281782437748,33.20293103448278,32.172673796791464,34.76775000000002,33.809419525065984,1.8,54.82222222,0.0,22.66233333,-1
S8,R821819,34.71113107822413,33.42532314923621,33.05283582089555,32.0336627906977,34.750579710144955,34.024242424242445,1.8,54.82222222,0.0,22.66233333,-1
S8,R82182,33.99353507565339,33.75005285412265,33.58528571428574,32.36615384615387,34.028400000000026,34.63948096885815,1.8,54.59444444,0.0,22.60633333,-1
S8,R821820,32.7618367346939,33.40133241758244,33.43077464788735,32.209057971014516,34.52387500000002,34.47680327868855,1.8,54.82222222,0.0,22.681,-1
S8,R821821,34.26544117647061,33.69795817958182,33.730927835051574,32.40129411764709,34.61586206896554,34.5754577464789,1.8,54.82222222,0.0,22.681,-1
S8,R821822,34.402887828162314,33.77212793733684,33.85195488721807,32.8164912280702,34.618636363636384,34.426620370370394,1.8,54.82222222,0.0,22.681,-1
S8,R821823,34.3372448979592,33.41586322869957,33.579852941176505,32.892275862068985,35.272146892655385,34.17326436781612,1.8,54.82222222,0.0,22.681,-1
S8,R821824,34.64225479143182,33.39765934065937,34.02922222222225,33.51184000000003,35.451104651162815,33.72483433734942,1.8,54.82222222,0.0,22.681,-1
S8,R821825,34.63195595854925,33.44502237136468,33.835125000000026,33.2517021276596,35.3142931937173,33.81913043478263,1.8,54.82222222,0.0,22.681,-1
S8,R821826,34.81085714285717,33.63959183673472,34.13724137931037,33.848015267175604,35.54903614457833,34.00388170055455,1.8,54.87777778,0.0,22.71161111,-1
S8,R821827,34.44772908366536,33.15150513112887,33.25592105263159,33.132666666666694,35.23402515723272,33.5400707964602,1.8,54.87777778,0.0,22.71161111,-1
S8,R82183,33.96230080572966,33.54369469026551,33.44013513513516,32.58876288659796,34.30460937500002,34.68041791044779,1.8,54.63333333,0.0,22.605,-1
S8,R82184,34.121498993963804,33.50449411764708,33.7093922651934,32.643932584269685,34.26610989010992,34.63929155313354,1.8,54.63333333,0.0,22.605,-1
S8,R82185,34.54882903981267,33.17558635394459,33.77253333333335,32.23343195266275,35.13286666666669,33.488470588235316,1.8,54.63333333,0.0,22.605,-1
S8,R82186,34.382680272108864,33.2877827050998,33.581170212765976,31.827637795275614,34.97085106382981,33.896376068376085,1.8,54.63333333,0.0,22.605,-1
S8,R82187,34.10464814814817,33.4735695538058,33.59511363636366,32.252874015748056,34.46743295019159,34.592709923664145,1.8,54.63333333,0.0,22.605,-1
S8,R82188,34.26046598322463,33.75203791469197,33.58174242424244,32.55564102564105,34.46000000000002,34.76706790123459,1.8,54.71666667,0.0,22.641,-1
S8,R82189,34.33537678207742,34.01727616645652,33.33414141414144,32.39742514970062,34.42574660633487,34.781725239616634,1.8,54.71666667,0.0,22.641,-1
S8,R822210,33.99875000000002,33.831051625239034,33.5893181818182,32.74341176470591,34.793363636363665,33.835331325301226,2.2,54.75,0.0,22.81772222,-1
S8,R822211,33.75564393939396,33.763992172211374,33.78534883720933,33.12291666666668,34.5281730769231,33.66241228070178,2.2,54.75,0.0,22.81772222,-1
S8,R822212,33.677807017543884,33.66022968197882,33.84954545454547,32.97836363636366,34.292315789473705,33.61424757281556,2.2,54.75,0.0,22.81772222,-1
S8,R822213,33.65621323529414,33.700716981132096,33.59483333333336,33.222441860465146,34.55295454545456,33.76866197183101,2.2,54.75,0.0,22.81772222,-1
S8,R822214,33.527338403041846,33.636203389830534,33.57325000000002,32.70569444444447,34.29898876404497,33.58769841269844,2.2,54.82222222,0.0,22.843,-1
S8,R822215,34.10103686635947,33.81410835214449,33.235098039215714,32.70651612903228,34.21230337078654,34.53160194174759,2.2,54.82222222,0.0,22.843,-1
S8,R822216,34.21066777963275,33.973261589404,33.85860759493673,32.96036496350367,33.95918604651165,34.55325757575759,2.2,54.82222222,0.0,22.843,-1
S8,R822217,34.138173598553365,33.36201138519927,33.64364341085275,32.24245989304816,33.907934272300494,34.130284090909115,2.2,54.82222222,0.0,22.843,-1
S8,R822218,34.46742128935534,33.22067961165051,32.86784313725493,32.12972477064223,34.32898734177217,33.55955156950675,2.2,54.82222222,0.0,22.843,-1
S8,R822219,34.45115168539328,33.16100737100739,32.92644444444446,32.237752808988795,34.3883673469388,33.27200000000002,2.2,54.82222222,0.0,22.843,-1
S8,R82222,34.129173838210015,33.82060995184593,33.66052083333335,32.872166666666686,34.04535849056606,34.44960199004977,2.2,54.83333333,0.0,22.76994444,-1
S8,R822220,34.46361867704283,33.24770491803281,32.808478260869585,32.20404040404043,34.590697674418635,33.54693693693696,2.2,54.81111111,0.0,22.863,-1
S8,R822221,34.30220385674934,33.57286821705429,33.86390000000003,32.87202380952383,34.450110497237596,34.45871345029242,2.2,54.81111111,0.0,22.863,-1
S8,R822222,34.20361058601136,33.54406349206352,33.687551020408186,32.672085561497354,34.06730468750003,34.28135593220342,2.2,54.81111111,0.0,22.863,-1
S8,R822223,34.134344569288416,33.33815307820302,33.38800000000002,33.016279069767464,34.541681415929226,33.54857692307695,2.2,54.81111111,0.0,22.863,-1
S8,R822224,34.44959615384617,33.35689034369888,33.66313725490198,33.195324675324706,34.86698275862071,33.74666666666669,2.2,54.81111111,0.0,22.863,-1
S8,R822225,34.43057450628368,33.40672281776419,33.70380952380955,33.144725274725296,35.0427272727273,33.709871794871816,2.2,54.87777778,0.0,22.875,-1
S8,R822226,34.68865996649918,33.57580180180183,34.075522388059724,33.174183673469415,35.21415254237291,33.85205263157897,2.2,54.87777778,0.0,22.875,-1
S8,R822227,34.82715789473687,33.37885416666669,34.02333333333336,33.19432989690724,35.43410526315792,33.826764705882375,2.2,54.87777778,0.0,22.875,-1
S8,R822227,34.82715789473687,33.37885416666669,34.02333333333336,33.19432989690724,35.43410526315792,33.826764705882375,2.2,54.87777778,0.0,22.875,-1
S8,R82223,34.26624316939893,33.84536163522015,34.06128440366975,33.15815642458102,34.365165289256225,34.74214953271031,2.2,54.83333333,0.0,22.76994444,-1
S8,R82224,34.39666666666669,33.25340983606559,33.330000000000034,32.94712871287131,34.93500000000002,33.74653301886795,2.2,54.78333333,0.0,22.807,-1
S8,R82225,34.54419457735249,33.316865912762545,33.657384615384636,33.186930693069336,35.105784313725515,33.790302267002545,2.2,54.78333333,0.0,22.807,-1
S8,R82226,34.471062271062294,33.49619847328247,33.36727272727275,32.982792792792814,35.05316326530615,33.93235602094243,2.2,54.78333333,0.0,22.807,-1
S8,R82227,34.38657276995308,33.544158878504696,33.53416666666669,32.96765432098768,35.04857142857145,33.95674757281555,2.2,54.78333333,0.0,22.807,-1
S8,R82228,34.336661870503626,33.82145833333336,33.86937500000002,33.16396341463417,34.443771626297604,34.70317596566525,2.2,54.78333333,0.0,22.807,-1
S8,R82229,34.3756756756757,34.162646536412105,33.63042553191492,32.941651376146815,34.50300653594773,34.679611650485455,2.2,54.75,0.0,22.81772222,-1
S8,R822810,34.20349753694584,33.954278728606376,34.20282608695655,33.062954545454566,34.98012658227851,34.15942857142859,2.8,54.80555556,0.0,22.766,-1
S8,R822811,34.54493562231762,34.33975609756099,34.433658536585384,33.224042553191516,35.33755102040818,34.26522321428574,2.8,54.80555556,0.0,22.766,-1
S8,R822812,33.77443877551023,33.321511627907,33.25739130434785,32.92066666666669,34.48792682926832,33.5526635514019,2.8,54.80555556,0.0,22.766,-1
S8,R822813,34.12912621359225,33.882926829268314,33.99319444444447,33.105578947368436,34.593030303030325,34.58150000000002,2.8,54.80555556,0.0,22.766,-1
S8,R822814,34.318808777429496,34.01398373983742,33.73506329113926,32.65686046511631,34.655462962962986,34.8204098360656,2.8,54.82222222,0.0,22.79666667,-1
S8,R822815,34.57849693251536,34.154972067039125,34.41000000000003,33.16698924731186,34.83293706293708,35.00561797752811,2.8,54.82222222,0.0,22.79666667,-1
S8,R822816,34.59258333333336,33.96927953890492,34.44169491525426,33.17953703703706,34.6118367346939,34.78726315789476,2.8,54.82222222,0.0,22.79666667,-1
S8,R822817,34.54912195121954,33.262042440318325,33.162368421052655,32.386271186440695,34.69183333333335,34.02337662337665,2.8,54.82222222,0.0,22.79666667,-1
S8,R822818,34.74171568627453,33.126923076923106,33.347647058823554,32.85712328767126,34.971666666666685,33.89915151515153,2.8,54.82222222,0.0,22.79666667,-1
S8,R822819,34.84063324538261,33.47453083109922,33.4413157894737,33.21987012987016,35.09055555555558,34.0737575757576,2.8,54.83333333,0.0,22.81533333,-1
S8,R82282,33.90165450121657,33.627333333333354,33.44168831168833,32.16000000000002,33.83589147286825,34.5200787401575,2.8,54.71666667,0.0,22.69433333,-1
S8,R822820,34.85943113772458,33.648781163434926,33.49285714285717,33.13150000000003,35.15207547169814,34.67416107382552,2.8,54.83333333,0.0,22.81533333,-1
S8,R822821,34.886225490196104,34.171889763779554,34.47600000000003,33.824326923076946,34.8927932960894,35.23090225563913,2.8,54.83333333,0.0,22.81533333,-1
S8,R822822,34.57671981776768,33.09661417322837,34.03377358490568,34.12207547169813,35.331200000000024,33.87446215139445,2.8,54.83333333,0.0,22.81533333,-1
S8,R822823,34.526455026455054,33.306584699453566,33.77538461538463,33.977200000000025,35.302500000000016,33.83778325123155,2.8,54.83333333,0.0,22.81533333,-1
S8,R822824,34.67137362637365,33.371803713527875,33.76954545454548,34.06529411764709,35.31173333333334,34.09308695652176,2.8,54.83333333,0.0,22.81533333,-1
S8,R822825,34.74040506329116,33.59846575342468,33.9259090909091,34.40402985074629,35.41493333333336,33.91462311557792,2.8,54.92777778,0.0,22.82733333,-1
S8,R822826,34.89724390243905,33.62613832853028,33.95755102040819,34.61418918918922,35.491566265060264,34.17064220183488,2.8,54.92777778,0.0,22.82733333,-1
S8,R822827,34.52859188544155,33.10950000000002,33.55738095238097,34.258701298701325,35.16650000000003,33.71174107142859,2.8,54.92777778,0.0,22.82733333,-1
S8,R82283,34.13819819819822,33.5536479591837,33.448750000000025,32.42321100917434,34.16698630136988,34.68842519685042,2.8,54.72777778,0.0,22.734,-1
S8,R82284,34.598844221105544,33.26046272493576,33.84139534883724,32.27370967741938,34.989622641509456,33.93853448275864,2.8,54.72777778,0.0,22.734,-1
S8,R82285,34.63874673629245,33.3278143712575,34.17857142857146,32.61320987654323,34.92515625000003,34.23019230769233,2.8,54.72777778,0.0,22.734,-1
S8,R82286,34.768364197530886,33.81525333333336,34.21333333333336,32.898235294117676,35.02098591549298,34.375136363636386,2.8,54.72777778,0.0,22.734,-1
S8,R82287,34.21116809116812,33.67227602905571,33.174324324324346,32.60206896551726,34.24367924528305,34.541333333333355,2.8,54.72777778,0.0,22.734,-1
S8,R82288,34.36298742138367,34.1855043227666,33.81863636363639,33.09486486486489,34.604070796460206,34.54616541353385,2.8,54.80555556,0.0,22.766,-1
S8,R82289,34.15525510204083,33.8028686327078,34.104090909090935,32.930217391304375,34.830714285714315,33.77326666666669,2.8,54.80555556,0.0,22.766,-1
S8,R831010,34.71062171628724,34.42716666666669,34.488967741935504,33.94448179271711,34.92687651331722,34.62815876515989,1.0,55.39444444,0.0,24.19666667,0
S8,R831011,34.77122532334924,34.536858743497426,34.45629032258067,34.06479418886201,35.04833333333335,34.40185803757831,1.0,55.39444444,0.0,24.19666667,0
S8,R831012,34.65616559013508,34.276637630662044,34.349271844660215,33.522118863049116,35.08864864864867,34.17520700636945,1.0,55.32222222,0.0,24.206,0
S8,R831013,34.7463976377953,33.97706422018351,34.17726618705038,33.68112021857926,35.11439716312059,34.45779758783432,1.0,55.32222222,0.0,24.206,0
S8,R831014,34.93477448747155,34.44999215070646,34.43368811881191,33.99646242774568,35.137947658402226,35.384980198019825,1.0,55.32222222,0.0,24.206,0
S8,R831015,34.7259431818182,34.40328537170266,34.47797101449278,33.88020344287952,34.75311438278598,35.13352708058126,1.0,55.32222222,0.0,24.206,0
S8,R831016,35.329640427599635,34.08053503184716,33.971538461538486,33.8834824902724,35.556724137931056,34.83833432480668,1.0,55.32222222,0.0,24.206,0
S8,R831017,35.38593062605755,33.99495874263263,33.75934131736529,34.1266943866944,35.665275590551204,34.78806851742471,1.0,55.32222222,0.0,24.206,0
S8,R831018,35.28363507377982,33.9106820901476,34.19579234972681,33.97021428571431,35.687318435754214,34.59627802690585,1.0,55.33333333,0.0,24.214,0
S8,R831019,35.15969332298139,34.11600823045269,34.16463276836161,34.13699675324678,35.43462343096237,34.621480836236955,1.0,55.33333333,0.0,24.214,0
S8,R83102,35.04897212543557,34.5008136752137,34.79356968215161,34.24972260748962,34.84244444444447,35.3931738730451,1.0,55.41111111,0.0,24.18733333,0
S8,R831020,35.08310776229744,34.344301569077714,34.66457002457005,34.35290117860384,34.92320967741938,35.2102434456929,1.0,55.33333333,0.0,24.214,0
S8,R831021,34.890934788693,34.43498167277577,34.82322997416023,34.19754320987657,34.98505060728748,35.26253232758623,1.0,55.33333333,0.0,24.214,0
S8,R831022,35.32009739130437,34.0299270871309,34.28192893401017,34.713029045643175,35.76334872979217,34.44764593301438,1.0,55.33333333,0.0,24.214,0
S8,R831023,35.27548304542548,34.01100000000002,34.22370558375637,34.72914389799638,35.84674418604653,34.726280814576654,1.0,55.33333333,0.0,24.214,0
S8,R831024,35.346529503105614,34.06257818765038,34.35572164948456,34.95286637931037,35.93199335548175,34.76006448412701,1.0,55.33333333,0.0,24.22466667,0
S8,R831025,35.33549583911237,34.18057054741713,34.43221105527641,35.33835260115609,35.91637526652455,34.6133849226161,1.0,55.33333333,0.0,24.22466667,0
S8,R831026,35.332458217270215,34.178233137829935,34.019281767955825,35.037494824016576,35.88637526652454,34.38225344915689,1.0,55.33333333,0.0,24.22466667,0
S8,R831027,35.33627348643008,34.01909572301428,34.013373983739854,35.21545861297541,35.95409756097563,34.37400093370684,1.0,55.33333333,0.0,24.22466667,0
S8,R83103,35.02165491775766,34.282827788649726,34.679530075188,33.95293757649941,35.03213783403659,35.28379609544471,1.0,55.41111111,0.0,24.18733333,0
S8,R83104,35.30211182336185,34.0787003341998,34.73123809523812,33.63291938997824,35.12900000000002,34.72816598360658,1.0,55.41111111,0.0,24.18733333,0
S8,R83105,35.44085119227289,34.13069107209565,34.628941176470605,33.79600364963506,35.3558035714286,34.673829551743246,1.0,55.41111111,0.0,24.18733333,0
S8,R83106,35.31777566539926,34.09449534963833,34.757842323651474,33.625743494423816,35.2707439446367,34.55160774818405,1.0,55.39444444,0.0,24.19666667,0
S8,R83107,34.92870315581856,34.109957364341106,34.336448598130865,33.548340248962674,34.93558185404341,34.602823880597036,1.0,55.39444444,0.0,24.19666667,0
S8,R83108,35.02592133131621,34.56047906091373,34.60292275574115,33.90687500000003,35.057634252539934,35.17706118355067,1.0,55.39444444,0.0,24.19666667,0
S8,R83109,34.82847755668674,34.6324945215486,34.5694230769231,33.970342019544,34.99369085173504,34.92989944134081,1.0,55.39444444,0.0,24.19666667,0
S8,R831410,36.97831379117814,36.561921052631604,36.8373563218391,36.82706720977599,37.2492366412214,37.38816901408453,1.4,55.38888889,0.0,24.40533333,0
S8,R831411,37.33793724966625,37.19835672514622,37.279583333333356,37.20445652173916,37.36682414698165,37.71540740740743,1.4,55.38888889,0.0,24.40533333,0
S8,R831412,34.95115220483644,34.62702836879435,34.7403296703297,34.924905660377384,35.516055555555575,34.898673285198576,1.4,55.33333333,0.0,24.41211111,0
S8,R831413,35.323633369923186,35.09189680232561,35.071691176470615,35.32857954545457,35.9181069958848,34.82185567010312,1.4,55.33333333,0.0,24.41211111,0
S8,R831414,35.740259179265685,35.49861442006272,35.49903508771932,35.87464285714288,36.62508849557525,35.50806788511752,1.4,55.33333333,0.0,24.41211111,0
S8,R831415,36.14410173160176,35.94447478991599,35.67250000000002,36.36440366972479,36.889152542372905,36.26884748700176,1.4,55.33333333,0.0,24.41211111,0
S8,R831416,36.37249322493227,36.01741887905607,35.98591549295778,36.410414507772046,37.108638497652606,36.27819128787881,1.4,55.33333333,0.0,24.41211111,0
S8,R831417,35.192614285714306,34.97769334229996,35.23144680851066,35.05710227272729,35.56391076115488,35.2926853707415,1.4,55.42222222,0.0,24.42161111,0
S8,R831418,35.4797735314933,35.02337500000002,35.2973429951691,34.956733333333354,35.03806741573036,35.55748858447491,1.4,55.42222222,0.0,24.42161111,0
S8,R83142,34.81801290322583,34.312676300578055,34.5393377483444,33.83291784702552,34.70351311953355,34.991892361111134,1.4,55.58888889,0.0,24.36905556,0
S8,R831422,35.616263537906164,34.91602888086644,35.404214559387,35.19823045267492,35.5076996805112,35.69259587020651,1.4,55.45555555,0.0,24.43666667,0
S8,R831423,35.85947751322754,35.20455862068968,35.43073059360733,35.40254716981134,35.743905228758194,35.81726681127984,1.4,55.45555555,0.0,24.43666667,0
S8,R831424,35.86838461538464,35.28734415584418,35.328628571428595,35.60057870370373,35.6672665764547,36.035406698564614,1.4,55.45555555,0.0,24.43666667,0
S8,R831425,35.88196969696972,35.32752461322084,35.43157894736845,36.19528455284555,36.844698795180754,35.37873897707233,1.4,55.45555555,0.0,24.43666667,0
S8,R831426,36.1984492875105,35.5615575757576,35.52321428571431,36.29382575757578,37.18557851239672,35.60800000000002,1.4,55.45555555,0.0,24.43666667,0
S8,R831427,35.510333115610734,34.547866339668936,34.596558441558464,35.343880597014945,36.0058724832215,34.85739130434785,1.4,55.53333333,0.0,24.44466667,0
S8,R83143,34.98307170542638,34.347655086848654,34.655401234567925,34.05418230563005,34.81246844319777,35.16703275529867,1.4,55.58888889,0.0,24.36905556,0
S8,R83144,35.01335787923419,33.92945588235296,34.220689655172436,33.71513011152419,34.87348936170215,34.67648571428574,1.4,55.58888889,0.0,24.36905556,0
S8,R83145,35.21230723251646,33.965616255829474,34.19869863013701,34.043498098859345,35.039478827361584,34.38076517150398,1.4,55.58888889,0.0,24.36905556,0
S8,R83146,35.86763739085775,34.69370062370064,35.0511656441718,35.40513698630139,36.08469314079424,35.172628571428596,1.4,55.49444444,0.0,24.39866667,0
S8,R83147,35.446049382716076,34.428177247014474,34.80802325581397,35.23640287769786,35.76993079584778,34.820815109343954,1.4,55.38888889,0.0,24.40533333,0
S8,R83148,35.94537643207858,35.09574237288138,35.30370967741938,35.484729241877275,36.30981900452491,35.56003412969285,1.4,55.38888889,0.0,24.40533333,0
S8,R83149,36.23121794871797,35.666956004756265,35.752112676056356,36.16445000000002,36.837572815534,35.86095940959412,1.4,55.38888889,0.0,24.40533333,0
S8,R831810,34.53946745562132,34.469643705463206,34.35653333333335,33.678037383177596,34.94253164556965,34.695683890577534,1.8,55.57222222,0.0,24.80833333,0
S8,R831811,34.7793048973144,34.3191695906433,34.39114285714288,34.24007299270075,35.03157360406094,34.26971893491127,1.8,55.57222222,0.0,24.80833333,0
S8,R831812,34.99455922865016,34.34741134751775,34.66952941176473,34.24653225806454,35.26455445544556,34.23555735056545,1.8,55.57222222,0.0,24.80833333,0
S8,R831813,34.90978533094814,34.12243436754179,34.50109589041098,34.12311594202901,35.20423963133643,34.25384769539081,1.8,55.48333333,0.0,24.82166667,0
S8,R831814,34.68923627684966,34.53532219570408,34.28000000000002,33.79218181818184,34.80633136094677,34.821363636363664,1.8,55.48333333,0.0,24.82166667,0
S8,R831815,34.88193181818184,34.61666280417152,34.36937142857145,33.7982300884956,34.9601742160279,35.03463806970512,1.8,55.48333333,0.0,24.82166667,0
S8,R831816,34.82685254027264,34.512601626016284,34.462203389830535,33.297950310559024,34.938918918918944,35.186328125000024,1.8,55.48333333,0.0,24.82166667,0
S8,R831817,35.033759398496265,34.47616609783847,34.81689655172416,33.89074074074076,35.08020618556703,35.20553956834535,1.8,55.48333333,0.0,24.82166667,0
S8,R831818,35.46709338929698,34.45757102272729,34.174166666666686,33.8597777777778,35.527142857142884,34.62375271149677,1.8,55.48333333,0.0,24.82166667,0
S8,R831819,35.426056955093124,34.235830721003154,34.06875000000002,33.74806060606063,35.252994652406436,34.94850498338873,1.8,55.49444444,0.0,24.85533333,0
S8,R83182,34.68749718151073,34.42735431235434,34.51374233128836,33.969662447257406,34.91684397163123,35.18427083333336,1.8,55.65555556,0.0,24.78433333,0
S8,R831820,35.3695893719807,34.43048780487807,34.0232307692308,34.138578680203075,35.451029411764736,34.94609195402301,1.8,55.49444444,0.0,24.85533333,0
S8,R831821,35.31059609455295,34.61375862068967,34.90483333333336,34.39012396694218,35.16339416058396,35.23786764705885,1.8,55.49444444,0.0,24.85533333,0
S8,R831822,35.140023201856174,34.583983926521256,34.80571428571431,34.2226254826255,35.034591549295804,35.27426116838491,1.8,55.49444444,0.0,24.85533333,0
S8,R831823,35.03060781476124,34.41971830985918,34.24520000000002,34.192727272727296,35.497674418604674,34.863029045643174,1.8,55.49444444,0.0,24.85533333,0
S8,R831824,34.921038798498145,34.27318471337583,34.28409638554219,34.211242937853136,35.222543352601186,34.20825000000003,1.8,55.49444444,0.0,24.85533333,0
S8,R831825,34.99248933143672,34.16163679808843,34.30492537313436,33.73909090909093,35.421446540880524,34.517840136054446,1.8,55.6,0.0,24.87405556,0
S8,R831825,34.99248933143672,34.16163679808843,34.30492537313436,33.73909090909093,35.421446540880524,34.517840136054446,1.8,55.6,0.0,24.87405556,0
S8,R831826,34.99341463414637,34.14176470588237,34.286261682243016,33.766800000000025,35.39150289017344,34.26700900900903,1.8,55.6,0.0,24.87405556,0
S8,R831827,35.16231900452491,34.29317135549874,34.484252873563236,34.36284615384617,35.74428571428574,34.56221854304638,1.8,55.6,0.0,24.87405556,0
S8,R83183,34.764054644808766,34.462436323366575,34.178834355828236,33.841626794258396,34.90215805471127,35.0791184573003,1.8,55.65555556,0.0,24.78433333,0
S8,R83184,34.92069802731413,34.01845603271986,34.351829268292704,33.81873134328361,35.05768707482996,34.18296900489399,1.8,55.65555556,0.0,24.78433333,0
S8,R83185,34.89667774086381,34.06470466321246,34.371000000000016,33.99870748299322,35.039265536723185,34.11368972746333,1.8,55.65555556,0.0,24.78433333,0
S8,R83186,34.985450081833086,34.41295662100459,34.42416666666669,34.086163522012605,35.01086206896554,34.2709927360775,1.8,55.65555556,0.0,24.78433333,0
S8,R83187,34.92540084388189,34.63869273743019,34.38022222222224,34.10093750000002,35.48121495327105,34.66493534482761,1.8,55.57222222,0.0,24.80833333,0
S8,R83188,34.911034846884924,34.599159292035424,34.73279411764708,34.19361111111114,35.12949541284406,35.29479865771814,1.8,55.57222222,0.0,24.80833333,0
S8,R83189,34.969047619047636,34.87296205630357,34.689051724137954,34.41663265306125,35.12175548589344,35.24601694915256,1.8,55.57222222,0.0,24.80833333,0
S8,R832210,35.09943396226418,34.78244565217394,34.924905660377384,34.97303797468357,35.29244604316549,34.62051282051284,2.2,55.63333333,0.0,24.69266667,0
S8,R832211,35.065052631578965,34.95473919523103,34.98318840579712,35.29500000000002,35.4584482758621,34.84695783132533,2.2,55.63333333,0.0,24.69266667,0
S8,R832212,34.77856269113152,34.50047231270361,34.68425925925929,34.94430555555558,35.15726562500002,34.258955696202555,2.2,55.63333333,0.0,24.69266667,0
S8,R832213,34.80717171717174,34.32401305057098,34.53285714285716,34.854415584415605,35.17857142857145,34.42074168797956,2.2,55.63333333,0.0,24.69266667,0
S8,R832214,35.13125000000002,34.91279245283022,34.92711111111113,34.74255681818184,35.306494845360845,35.202727272727294,2.2,55.63333333,0.0,24.69266667,0
S8,R832215,35.12524590163937,35.003375262054526,34.73134020618559,34.367937500000025,35.42497267759565,35.546609195402326,2.2,55.7,0.0,24.70333333,0
S8,R832216,35.27513134851141,34.94499148211246,34.912441860465144,34.47778571428574,35.14695817490496,35.492606060606086,2.2,55.7,0.0,24.70333333,0
S8,R832217,34.98693675889331,34.45470695970698,34.90512500000002,34.26849056603776,34.86927601809957,34.906075268817226,2.2,55.7,0.0,24.70333333,0
S8,R832218,35.153221153846175,34.040706106870246,33.80240000000002,34.16269230769233,34.930090909090936,34.175078534031435,2.2,55.7,0.0,24.70333333,0
S8,R832219,35.49283464566931,34.59480198019804,34.13604651162793,34.82380530973453,35.54444444444447,34.73622568093388,2.2,55.7,0.0,24.70333333,0
S8,R83222,34.61964774951079,34.33619289340104,34.31278688524593,33.515462184873975,34.62838383838387,34.98612745098041,2.2,55.53888889,0.0,24.66466667,0
S8,R832220,35.59292553191492,34.89673960612694,35.434642857142876,35.36214285714288,35.532238805970174,35.58500000000002,2.2,55.7,0.0,24.70333333,0
S8,R832221,35.567898305084775,35.05193379790943,35.33976190476193,35.217289156626535,35.45690391459077,35.60318681318683,2.2,55.68333333,0.0,24.70066667,0
S8,R832222,34.72544811320758,34.391135646687715,34.43620000000003,35.13285714285716,35.127757009345814,34.211045197740134,2.2,55.68333333,0.0,24.70066667,0
S8,R832223,34.772477876106215,34.29949549549551,34.41104166666669,34.62279411764708,35.165447154471565,34.207579250720485,2.2,55.68333333,0.0,24.70066667,0
S8,R832224,35.01093511450384,34.24374461979916,34.75763636363639,34.76954022988508,35.37664062500003,34.261772486772514,2.2,55.68333333,0.0,24.70066667,0
S8,R832225,35.39448529411767,34.30117455138664,34.74661016949155,34.786847826086984,35.47628571428574,34.542997198879576,2.2,55.64444444,0.0,24.72361111,0
S8,R832226,35.199299145299165,34.40487616099073,34.63185185185188,34.87351351351354,35.65093023255817,34.52634146341466,2.2,55.64444444,0.0,24.72361111,0
S8,R832227,35.010088495575246,34.11370253164559,34.21689655172416,34.658971962616846,35.246636363636384,34.111085714285736,2.2,55.64444444,0.0,24.72361111,0
S8,R83223,34.794503722084386,34.44540901502506,34.49907563025212,33.946519337016596,34.91475308641977,35.127132352941196,2.2,55.53888889,0.0,24.66466667,0
S8,R83224,35.062485089463244,34.02576086956524,34.60777777777779,33.884102564102584,35.03100000000002,34.31869158878507,2.2,55.56111111,0.0,24.67133333,0
S8,R83225,35.223837398374,34.196979166666694,34.590526315789496,34.14489795918369,35.07306122448982,34.50279661016952,2.2,55.56111111,0.0,24.67133333,0
S8,R83226,35.223685220729394,34.39802491103205,34.342835820895544,34.48511363636366,35.24403225806454,34.82248571428574,2.2,55.56111111,0.0,24.67133333,0
S8,R83227,34.86446666666669,34.29620879120882,34.19859649122809,34.428623853211036,34.90543859649125,34.67586092715234,2.2,55.56111111,0.0,24.67133333,0
S8,R83228,35.09621794871797,34.79391752577322,34.99733333333336,34.92235000000002,35.20009661835751,35.3009852216749,2.2,55.56111111,0.0,24.67133333,0
S8,R83229,35.15421397379915,35.112427480916054,35.14134831460676,34.90803738317759,35.32494382022474,34.99214285714289,2.2,55.63333333,0.0,24.69266667,0
S8,R832810,34.49677215189875,34.49152061855673,34.58883720930235,34.32696428571431,35.00310810810813,34.54783783783787,2.8,55.85555556,0.0,24.50766667,0
S8,R832811,34.872163265306156,34.53271714922051,34.7711627906977,34.578139534883746,35.0258241758242,34.554845814977995,2.8,55.85555556,0.0,24.50766667,0
S8,R832812,34.53170305676858,34.0045341614907,34.49054054054056,34.10285714285717,34.700128205128216,34.02994736842108,2.8,55.85555556,0.0,24.50766667,0
S8,R832813,34.661840490797566,34.73310975609758,34.47843373493978,34.18756097560978,34.85731707317076,34.857142857142875,2.8,55.85555556,0.0,24.50766667,0
S8,R832814,34.932972972973,34.81433139534886,34.91157894736845,34.610608695652196,35.02480519480522,35.06017094017097,2.8,55.82777778,0.0,24.53966667,0
S8,R832815,35.14143958868897,34.81635204081635,35.02835820895525,34.41571428571431,34.91395973154364,35.22020000000002,2.8,55.82777778,0.0,24.53966667,0
S8,R832816,35.19265010351969,34.782100313479646,35.04674698795183,34.764047619047645,35.18687898089174,35.46739130434785,2.8,55.82777778,0.0,24.53966667,0
S8,R832817,35.07620046620049,34.011487179487204,34.06589743589746,34.26964912280704,35.023417721519,34.37041666666669,2.8,55.82777778,0.0,24.53966667,0
S8,R832818,35.243579676674386,34.29478494623658,34.30333333333335,34.52698630136989,35.21173913043481,34.506928571428595,2.8,55.82777778,0.0,24.53966667,0
S8,R832819,35.02372822299654,34.27218274111677,34.30500000000002,34.63424242424245,35.0932142857143,34.653712574850324,2.8,55.86111111,0.0,24.56788889,0
S8,R83282,34.69084158415844,34.57230337078654,34.098902439024414,33.77788888888891,34.43507246376814,34.97328358208958,2.8,55.78888889,0.0,24.42833333,0
S8,R832820,35.1444680851064,34.55800000000002,34.98182926829271,34.53637931034485,34.90527027027029,35.15146853146856,2.8,55.86111111,0.0,24.56788889,0
S8,R832821,35.399070351758816,35.01820312500002,35.16402298850577,34.94476190476192,35.29814432989693,35.55372549019611,2.8,55.86111111,0.0,24.56788889,0
S8,R832822,34.72272965879267,33.876932989690744,34.37978260869567,34.57880434782611,34.83737500000002,33.864657534246604,2.8,55.86111111,0.0,24.56788889,0
S8,R832823,35.063305322128876,34.22864532019707,34.623260869565236,34.68792682926832,35.27698795180725,34.12437500000002,2.8,55.86111111,0.0,24.56788889,0
S8,R832824,35.168990536277626,34.02808716707024,34.78318181818184,34.76769230769233,35.226626506024125,34.54444444444447,2.8,55.79444444,0.0,24.58955556,0
S8,R832825,35.03033248081844,34.27022900763361,34.69045454545456,34.8454022988506,35.3714814814815,34.32410628019326,2.8,55.79444444,0.0,24.58955556,0
S8,R832826,35.21955399061035,34.31682464454978,34.649791666666694,34.920147058823545,35.47129870129873,34.551182266009874,2.8,55.79444444,0.0,24.58955556,0
S8,R832827,34.88914507772024,34.0074406332454,34.2946666666667,34.579736842105284,35.02444444444447,34.10681564245812,2.8,55.79444444,0.0,24.58955556,0
S8,R83283,34.69515957446811,34.47785522788206,34.25125000000003,33.91695238095241,34.54255639097746,35.02030075187973,2.8,55.91666667,0.0,24.46594444,0
S8,R83284,35.347669172932356,34.467033333333355,34.68257142857146,34.47677966101698,34.86767441860466,34.89238493723852,2.8,55.91666667,0.0,24.46594444,0
S8,R83285,35.52747989276141,34.540505319148956,35.02540000000002,35.05465517241382,35.14696969696973,35.01958904109591,2.8,55.91666667,0.0,24.46594444,0
S8,R83286,35.41088028169016,34.774857954545475,34.97138888888891,35.01300000000002,35.15591549295778,35.17380681818184,2.8,55.91666667,0.0,24.46594444,0
S8,R83287,34.974053156146205,34.49363636363639,34.39068965517243,34.38360000000002,34.85437500000002,34.67404761904764,2.8,55.91666667,0.0,24.46594444,0
S8,R83288,34.84114606741575,34.620728862973785,34.794523809523845,34.53787878787881,34.75861111111113,35.10529801324505,2.8,55.85555556,0.0,24.50766667,0
S8,R83289,34.26064814814817,34.491473684210554,34.70783783783786,34.626093750000024,35.04121212121214,34.665957446808534,2.8,55.85555556,0.0,24.50766667,0
S8,R841010,35.333584905660395,35.4322484662577,34.87032258064518,35.47482876712332,35.99631188118814,35.05875502008034,1.0,56.56666667,0.0,25.938,1
S8,R841011,35.19595609065158,35.13698515416828,34.681724137931056,35.72901492537316,35.703967889908284,34.91318726937272,1.0,56.56666667,0.0,25.938,1
S8,R841012,35.190197652872165,35.15107607950653,34.763860465116295,35.51869346733671,35.73168724279838,34.93528837209305,1.0,56.56666667,0.0,25.938,1
S8,R841013,35.21725490196081,34.98893719806765,34.72091787439616,35.39173913043481,35.67702917771886,34.95215985630896,1.0,56.56666667,0.0,25.938,1
S8,R841014,35.39599085365855,35.14675307841868,34.807703862660965,34.95912453760792,35.48454311454314,35.531087151841895,1.0,56.56666667,0.0,25.938,1
S8,R841015,35.42319652173915,35.08549348869091,35.175185185185214,35.03692840646654,35.309900166389376,35.384008179959125,1.0,56.43333333,0.0,25.99761111,1
S8,R841018,35.855702710254285,35.23226391096981,34.33993975903618,35.59040601503762,35.98547563805107,35.540055555555575,1.0,56.43333333,0.0,25.99761111,1
S8,R841019,35.65694168734493,35.26287496002561,35.500130718954274,35.53060946271053,35.5803401842665,35.67837967401728,1.0,56.43333333,0.0,25.99761111,1
S8,R84102,35.14954245973648,34.97882570659491,35.053584158415866,34.891728971962635,35.273108320251204,35.683375394321786,1.0,56.53333333,0.0,25.82577778,1
S8,R841020,35.62789580318381,35.412735595045795,35.596397515527975,35.72302665520209,35.60790601813687,35.68921719955901,1.0,56.43333333,0.0,25.99761111,1
S8,R841021,35.435846950976504,35.052480782669484,34.741633466135475,35.8383673469388,35.90935424354245,34.85764902241299,1.0,56.28888889,0.0,26.05183333,1
S8,R841022,35.6051775766017,35.05686165273911,34.550047393364956,35.778686679174506,36.110465116279094,34.893277623026954,1.0,56.28888889,0.0,26.05183333,1
S8,R841023,35.75445523193098,35.019547844374365,34.58727272727275,35.633132530120506,36.305231143552334,35.35523199292977,1.0,56.28888889,0.0,26.05183333,1
S8,R841024,35.64302047122443,35.17541125541128,34.80698324022349,35.92702594810381,36.23168049792533,35.19620892594411,1.0,56.28888889,0.0,26.05183333,1
S8,R841025,35.62205964585277,35.183974585245345,34.83934883720932,35.96643734643737,36.207979591836754,35.08309523809527,1.0,56.28888889,0.0,26.05183333,1
S8,R841026,35.68406262230922,35.22680574555406,34.700986842105294,36.032350993377506,36.16482242990657,35.06790436005628,1.0,56.31666667,0.0,26.09638889,1
S8,R841027,35.39388776746066,34.944814171587375,34.481722488038294,35.71180107526884,35.909908256880755,34.72577680525166,1.0,56.31666667,0.0,26.09638889,1
S8,R84103,35.6565069656813,35.17447207207209,35.319827856025064,35.24604627766602,35.6812878787879,35.95044676806086,1.0,56.53333333,0.0,25.82577778,1
S8,R84104,35.590262390670574,34.8688520586183,34.70741071428573,35.50690594059408,35.869054054054075,34.954915178571454,1.0,56.46111111,0.0,25.88105556,1
S8,R84105,35.306361511492035,34.81608695652176,34.57736842105265,35.27137176938373,35.65824803149609,35.041759211209154,1.0,56.46111111,0.0,25.88105556,1
S8,R84106,35.189945474372976,34.95118483412325,34.31974193548389,35.28320641282568,35.72550000000002,35.026876227897866,1.0,56.46111111,0.0,25.88105556,1
S8,R84107,35.55783070596301,35.4003232382062,35.545132743362856,35.59252888318359,35.651163279607594,35.84595041322316,1.0,56.46111111,0.0,25.88105556,1
S8,R84108,35.40071549534296,35.35285041651578,35.35816229116948,35.396320272572424,35.51808159722225,35.69919020715633,1.0,56.46111111,0.0,25.88105556,1
S8,R84109,35.31935824532903,35.32209020902093,34.76013333333336,35.65739884393066,35.71281954887221,35.3260467587673,1.0,56.46111111,0.0,25.88105556,1
S8,R841410,34.74603333333335,34.97981366459629,34.603802816901435,35.45176829268295,35.567135416666694,34.83382936507939,1.4,56.37777778,0.0,25.75966667,1
S8,R841411,34.615797720797744,34.841948138297894,34.35231707317076,34.4586285714286,35.457166666666694,34.70446893787578,1.4,56.37777778,0.0,25.75966667,1
S8,R841412,34.63465306122451,34.51323279195671,34.17466666666669,34.69661458333335,35.496250000000025,34.59095279720281,1.4,56.37777778,0.0,25.75966667,1
S8,R841413,34.85547655068081,34.604640792733306,34.36409836065576,34.83487309644673,35.789743589743615,34.78398230088498,1.4,56.21111111,0.0,25.74366667,1
S8,R841414,34.916114537444955,34.914467554076566,34.97592592592596,34.964418052256555,35.34278195488724,35.54598484848487,1.4,56.21111111,0.0,25.74366667,1
S8,R841415,35.0658099173554,34.940324840764355,34.734532374100745,34.65487465181061,35.270621761658056,35.25059945504089,1.4,56.21111111,0.0,25.74366667,1
S8,R841416,35.09712793733683,34.89965671641793,35.04345991561184,34.88084033613448,35.135130293159634,35.26501355013552,1.4,56.21111111,0.0,25.74366667,1
S8,R841417,35.39038840937117,34.56315146579807,34.3537313432836,34.77258823529414,35.7217575757576,34.908586810228826,1.4,56.21111111,0.0,25.74366667,1
S8,R841418,35.31069112174377,34.49501530924681,34.17319587628869,35.1744881889764,35.75335078534034,35.00033487297924,1.4,56.21111111,0.0,25.74366667,1
S8,R841419,35.23259651307598,34.583470839260336,34.24815384615386,34.97876984126986,35.65011952191237,34.84678911564628,1.4,56.28888889,0.0,25.74333333,1
S8,R84142,34.952593639575994,34.90408866995077,34.843788546255524,34.57297619047621,35.0120888157895,35.46174089068828,1.4,56.63888889,0.0,25.77188889,1
S8,R841420,35.50219364599094,34.94733034571065,34.43873417721521,35.30381443298972,35.77676136363638,35.07975409836068,1.4,56.28888889,0.0,25.74333333,1
S8,R841421,35.485491153142185,35.12720990873535,35.20181434599158,35.38710843373496,35.41243647234681,35.58052401746727,1.4,56.28888889,0.0,25.74333333,1
S8,R841422,35.13351896690882,34.748115412710035,34.32956043956046,35.07606741573036,35.78419913419916,34.64507722007724,1.4,56.28888889,0.0,25.74333333,1
S8,R841423,35.259195979899516,34.89365358592695,34.27528735632186,35.41832487309647,35.96539682539685,34.83760416666669,1.4,56.28888889,0.0,25.74333333,1
S8,R841424,35.358658247829545,34.83325962910131,34.58062500000002,35.435500000000026,35.97157894736845,34.97856589147289,1.4,56.28888889,0.0,25.74333333,1
S8,R841425,35.3747257700977,34.83302222222225,34.38796296296299,35.67692622950822,35.974235294117676,34.822060913705606,1.4,56.31111111,0.0,25.77438889,1
S8,R841426,35.22151267375309,34.930190538764805,34.23614678899086,35.50335820895524,35.737781818181844,34.70584946236561,1.4,56.31111111,0.0,25.77438889,1
S8,R841427,35.23713178294576,34.71673184357544,34.01981308411217,35.3123966942149,35.82139534883723,34.71192380952383,1.4,56.31111111,0.0,25.77438889,1
S8,R84143,35.429721115537866,35.14721793973373,35.09568690095849,34.97070257611244,35.42652610441769,35.784461538461564,1.4,56.51666667,0.0,25.77311111,1
S8,R84144,35.320890092879274,34.767701729106655,34.45663865546221,35.102363636363656,35.822124352331635,35.1227522123894,1.4,56.51666667,0.0,25.77311111,1
S8,R84145,35.29891288696906,34.81973025048172,34.78235849056606,35.21841698841702,35.844331983805695,34.761630988786976,1.4,56.51666667,0.0,25.77311111,1
S8,R84146,35.214240000000025,34.90358278145698,34.30368421052634,35.12621212121215,35.68718614718617,34.818980496453925,1.4,56.51666667,0.0,25.77311111,1
S8,R84147,35.18102380952383,35.04640271493216,35.03888349514565,35.16544152744632,35.42070217917678,35.4488825757576,1.4,56.51666667,0.0,25.77311111,1
S8,R84148,34.94676251331206,35.06008575197892,34.67048076923079,34.47679611650488,35.271913043478285,35.211289719626194,1.4,56.37777778,0.0,25.75966667,1
S8,R84149,35.01139249639252,34.99726059654633,34.79538888888891,35.012540192926075,35.304098837209324,35.405730129390044,1.4,56.37777778,0.0,25.75966667,1
S8,R841810,34.92639860139863,34.74783375314864,34.54828571428573,35.29664062500002,35.444071428571455,34.77596273291927,1.8,56.15555555,0.0,25.937,1
S8,R841811,34.97092727272729,34.72502965599053,34.62500000000002,35.42964285714288,35.51822580645164,34.68444089456871,1.8,56.15555555,0.0,25.937,1
S8,R841812,34.90681603773587,34.57023437500002,34.30325581395351,35.10924528301889,35.45372340425533,34.79765517241382,1.8,56.15555555,0.0,25.937,1
S8,R841813,35.12131801692868,34.9474574209246,34.77839694656491,34.68761061946905,35.23559386973182,35.5541741741742,1.8,56.15555555,0.0,25.937,1
S8,R841814,35.089733502538095,34.88538823529414,34.93798561151081,35.00637681159422,35.27992857142859,35.44794212218652,1.8,56.05,0.0,25.93027778,1
S8,R841815,34.766505524861905,34.83131242741001,34.63625000000002,34.53323275862071,34.945610972568595,35.388582995951445,1.8,56.05,0.0,25.93027778,1
S8,R841816,34.90131421744327,34.7427642276423,34.81324324324327,34.71506944444447,34.94256613756616,35.406578947368445,1.8,56.05,0.0,25.93027778,1
S8,R841817,35.411513706793826,34.61871693121696,34.54625000000002,35.08967914438505,35.90425000000002,35.184488054607534,1.8,56.05,0.0,25.93027778,1
S8,R841818,35.57259715639813,34.65308316430022,34.22835820895525,35.053773584905684,35.69713178294575,35.167798013245054,1.8,56.05,0.0,25.93027778,1
S8,R841819,35.37123203285423,34.63063583815031,34.11911111111114,35.408803418803444,35.663252032520354,34.78721603563477,1.8,56.05,0.0,25.93027778,1
S8,R84182,35.1603755364807,34.95156214367163,35.00637096774196,34.88126582278483,35.35860248447207,35.57810126582281,1.8,56.17777778,0.0,25.94372222,1
S8,R841820,35.479045521292235,34.93840963855424,34.33203703703706,35.456835443037996,35.76137931034485,35.210254041570465,1.8,55.89444444,0.0,25.90861111,1
S8,R841821,35.51438642297653,35.00219457013577,35.39527777777781,35.40521428571431,35.43074534161493,35.526528189911005,1.8,55.89444444,0.0,25.90861111,1
S8,R841822,35.092929687500025,34.553543223052316,34.6668181818182,35.24367187500002,35.61462585034016,34.4877378815081,1.8,55.89444444,0.0,25.90861111,1
S8,R841823,35.1097536945813,34.59150401836971,34.67937500000002,35.35600000000003,35.662549019607866,34.62122834645672,1.8,55.89444444,0.0,25.90861111,1
S8,R841824,34.962219251336926,34.387570977918,34.425679012345704,34.907659574468106,35.498984771573625,34.649250000000016,1.8,55.89444444,0.0,25.90861111,1
S8,R841825,35.152773892773915,34.52870718232047,34.41208955223882,35.15506410256413,35.821742424242444,34.77909516380658,1.8,55.88333333,0.0,25.87333333,1
S8,R841826,35.22013986013988,34.58518844221108,34.436461538461565,35.415266666666696,35.706451612903244,34.87388012618299,1.8,55.88333333,0.0,25.87333333,1
S8,R841827,35.331247030878885,34.75120634920637,34.55402985074629,35.469867549668905,35.818994082840256,34.874595660749534,1.8,55.88333333,0.0,25.87333333,1
S8,R84183,35.17800917431195,34.84529147982065,35.01049723756909,34.913322580645186,35.39357615894043,35.53975535168198,1.8,56.17777778,0.0,25.94372222,1
S8,R84184,35.462033519553096,34.710047449584835,34.434705882352965,35.26920529801327,35.76154362416109,34.908170731707344,1.8,56.21666667,0.0,25.93811111,1
S8,R84185,35.48254156769598,34.8908198380567,34.79246753246756,35.31873333333336,35.71743718592967,34.99491461100572,1.8,56.21666667,0.0,25.93811111,1
S8,R84186,35.455800933126,35.11082497212934,34.90783333333336,35.42801136363639,35.976950354609954,35.205925233644884,1.8,56.21666667,0.0,25.93811111,1
S8,R84187,35.13398095238097,34.92552184466022,35.15213592233012,35.300260223048355,35.406370656370676,35.38067448680354,1.8,56.21666667,0.0,25.93811111,1
S8,R84188,35.02307692307694,34.98464516129035,35.09267605633805,35.23416666666669,35.23742738589213,35.30193121693124,1.8,56.21666667,0.0,25.93811111,1
S8,R84189,34.734041570438826,34.70606271777006,34.38169811320758,35.106320754717004,35.34007692307694,34.72834408602153,1.8,56.15555555,0.0,25.937,1
S8,R842210,34.98276595744683,35.04844897959186,35.10444444444446,35.44387096774196,35.08155555555559,34.791677018633564,2.2,56.06666667,0.0,25.89911111,1
S8,R842211,35.248617363344074,35.140945017182155,35.242820512820536,35.562600000000025,35.08604395604398,34.3904210526316,2.2,56.06666667,0.0,25.89911111,1
S8,R842212,34.96468879668052,34.80561759729274,34.927674418604674,35.18884057971017,34.834782608695676,34.12602702702705,2.2,56.06666667,0.0,25.89911111,1
S8,R842213,35.0320962199313,34.647713178294595,34.655625000000015,34.90316455696205,34.842972972972994,34.26412345679015,2.2,56.13888889,0.0,25.94105555,1
S8,R842214,35.12294247787613,35.222730263157914,34.74910112359553,34.718435374149685,34.940733333333355,34.74064056939504,2.2,56.13888889,0.0,25.94105555,1
S8,R842215,34.9337777777778,34.996877551020425,34.72424242424245,34.39552380952383,34.84876543209879,35.297586206896575,2.2,56.13888889,0.0,25.94105555,1
S8,R842216,35.13813238770688,35.095059055118135,34.75111111111112,34.63931677018636,34.93724137931037,35.405034482758644,2.2,56.13888889,0.0,25.94105555,1
S8,R842217,35.36091816367268,35.137815275310864,35.018602150537646,34.804764397905785,35.15472727272729,35.56572916666669,2.2,56.13888889,0.0,25.94105555,1
S8,R842218,35.37704000000002,34.49118443316415,34.6448888888889,34.78196261682246,35.066562500000025,34.47884180790963,2.2,56.2,0.0,25.99088889,1
S8,R842219,35.42678438661713,34.85315217391307,34.57230769230772,35.03750000000002,35.41261904761907,34.72083916083918,2.2,56.2,0.0,25.99088889,1
S8,R84222,35.25194675540767,35.11868705035973,35.20543859649125,34.948490566037755,34.91606451612906,35.46333333333336,2.2,55.95555555,0.0,25.87338889,1
S8,R842220,35.16064732142859,34.914522003034925,34.24857142857145,35.12666666666669,35.24192307692311,34.6542537313433,2.2,56.2,0.0,25.99088889,1
S8,R842221,35.36593750000002,35.174400630914846,35.29975206611573,35.36357142857145,35.267463235294144,35.27066037735852,2.2,56.2,0.0,25.99088889,1
S8,R842222,35.37445017182132,34.74801346801349,34.706052631578984,35.3497391304348,35.27378151260506,34.40647342995172,2.2,56.2,0.0,25.99088889,1
S8,R842223,35.443896797153045,34.74550000000002,34.84025641025643,35.238913043478284,35.327592592592616,34.27788154897497,2.2,56.2,0.0,25.99088889,1
S8,R842224,35.26615879828329,34.61057660626032,34.66481481481483,34.918900000000015,35.345000000000034,34.319726315789495,2.2,56.22777778,0.0,26.03294444,1
S8,R842225,35.42282647584976,34.91255520504734,34.627804878048806,35.42378378378381,35.38300970873789,34.22366583541149,2.2,56.22777778,0.0,26.03294444,1
S8,R842226,35.51206132879048,34.91189490445862,34.71977777777779,35.56839285714288,35.65732673267329,34.505265588914575,2.2,56.22777778,0.0,26.03294444,1
S8,R842227,35.21351043643266,34.6682037996546,34.517045454545475,35.15380434782611,35.18009090909093,34.27020050125316,2.2,56.22777778,0.0,26.03294444,1
S8,R84223,35.19070278184483,35.160000000000025,35.120353982300905,34.993562500000024,34.98567839195982,35.44651639344266,2.2,55.95555555,0.0,25.87338889,1
S8,R84224,35.22608370702543,35.072386759581896,35.225038759689944,35.07403587443948,35.048516949152564,35.04990049751246,2.2,55.95555555,0.0,25.87338889,1
S8,R84225,35.42284671532848,34.69388785046731,34.833174603174626,35.106869565217416,34.65972222222225,34.380131233595826,2.2,55.95555555,0.0,25.87338889,1
S8,R84226,35.34134736842108,34.94663669064751,34.73064516129035,35.50169811320757,34.899824561403534,34.626768707483016,2.2,55.95555555,0.0,25.87338889,1
S8,R84227,35.15261538461541,34.95950171821308,34.929047619047644,35.47600000000002,34.92750000000002,34.75864864864867,2.2,55.95555555,0.0,25.87338889,1
S8,R84228,35.56668376068378,35.384270650263645,35.58240000000002,35.58513513513515,35.45721052631581,35.42648514851488,2.2,56.06666667,0.0,25.89911111,1
S8,R84229,35.26947368421055,35.300017921146974,35.318555555555584,35.48100000000003,35.15948387096776,35.09631313131316,2.2,56.06666667,0.0,25.89911111,1
S8,R842810,35.16336322869957,34.99697860962569,34.74322580645164,34.88589285714288,35.187922077922096,34.33123222748817,2.8,56.38333333,0.0,26.03322222,1
S8,R842811,35.118731343283606,34.950478589420676,34.69034482758623,35.047391304347855,35.19329787234046,33.98356164383564,2.8,56.38333333,0.0,26.03322222,1
S8,R842812,35.14899224806204,34.69302439024393,34.82613636363638,34.73509090909093,34.989259259259285,33.780890688259134,2.8,56.38333333,0.0,26.03322222,1
S8,R842813,35.06218340611356,34.571662650602434,34.53439024390246,34.85471698113211,34.9584285714286,33.671016949152566,2.8,56.35,0.0,25.99672222,1
S8,R842814,34.9344202898551,34.933660130718984,34.57186813186816,34.41644444444446,35.05564102564105,35.13801282051285,2.8,56.35,0.0,25.99672222,1
S8,R842815,34.99852367688025,35.09897637795278,34.84618421052633,34.56369565217394,35.20064748201442,35.24555555555558,2.8,56.35,0.0,25.99672222,1
S8,R842816,34.97826086956525,35.012643979057614,34.36085714285716,33.794137931034506,34.74104166666669,35.25218390804601,2.8,56.35,0.0,25.99672222,1
S8,R842817,35.104313099041555,34.90358333333336,34.79168674698798,34.20768595041325,34.98136645962735,35.16250000000003,2.8,56.35,0.0,25.99672222,1
S8,R842818,35.44505555555558,34.646022099447535,34.5010810810811,34.724259259259284,35.13538461538464,34.42243589743592,2.8,56.30555556,0.0,25.94111111,1
S8,R842819,35.2640055248619,34.688508287292834,34.57333333333335,34.973670886075965,34.931315789473715,34.34434482758623,2.8,56.30555556,0.0,25.94111111,1
S8,R84282,35.1533068783069,35.09960431654679,34.60916666666669,34.249042553191515,35.097089552238835,35.495882352941194,2.8,56.51111111,0.0,26.07911111,1
S8,R842820,35.21520161290325,34.81196721311478,34.534814814814844,34.8205084745763,35.24125000000002,34.873010752688195,2.8,56.30555556,0.0,25.94111111,1
S8,R842821,35.13654101995567,34.95151315789476,35.06477611940301,35.10562962962966,35.27294573643414,35.04818181818185,2.8,56.30555556,0.0,25.94111111,1
S8,R842822,35.20318181818184,34.6530864197531,34.60944444444446,35.23035087719301,35.22554216867472,33.882744186046544,2.8,56.30555556,0.0,25.94111111,1
S8,R842823,35.0919230769231,34.621522842639614,34.58571428571431,35.019365079365095,35.09931034482761,33.81996212121214,2.8,56.25,0.0,25.89111111,1
S8,R842824,35.13924471299096,34.47557251908399,34.61863636363638,35.06931506849317,35.133768115942054,34.091500000000025,2.8,56.25,0.0,25.89111111,1
S8,R842825,35.33708556149735,34.636000000000024,34.69627906976746,35.13344827586209,35.37445783132532,34.31975103734442,2.8,56.25,0.0,25.89111111,1
S8,R842826,35.18412140575082,34.61670103092786,34.46795454545457,35.02857142857145,35.09381443298971,33.97523148148151,2.8,56.25,0.0,25.89111111,1
S8,R842827,35.24471428571431,34.66328804347828,34.379736842105295,35.19307692307694,35.11821917808222,34.163546798029586,2.8,56.25,0.0,25.89111111,1
S8,R84283,35.17067183462535,35.029011627907,34.93393442622954,34.59257142857145,35.13814285714288,35.28537313432838,2.8,56.51111111,0.0,26.07911111,1
S8,R84284,35.32150943396229,34.4844155844156,34.59000000000003,34.810714285714305,35.11000000000003,34.17030888030891,2.8,56.51111111,0.0,26.07911111,1
S8,R84285,35.260202898550745,34.54257756563248,34.46700000000002,34.807580645161316,34.974512195121974,34.073593073593095,2.8,56.51111111,0.0,26.07911111,1
S8,R84286,35.27359133126937,34.662625994694984,34.416486486486505,35.051690140845096,35.25211267605635,34.184541484716185,2.8,56.38333333,0.0,26.03322222,1
S8,R84287,35.24816239316242,34.915684210526344,34.422444444444466,35.117903225806465,35.307808219178106,34.94481132075474,2.8,56.38333333,0.0,26.03322222,1
S8,R84288,35.05857487922708,34.98089709762535,34.93423529411767,35.09776699029129,35.17732673267329,35.211440000000024,2.8,56.38333333,0.0,26.03322222,1
S8,R84289,35.129817708333356,35.10416430594903,35.053513513513536,35.2052272727273,35.21083333333336,34.68038167938933,2.8,56.38333333,0.0,26.03322222,1
